{
  "agent_news_ec030ec177132b70": 1781514311.2351444,
  "agent_news_b10b8742b630bb7c": 1781514311.235799,
  "agent_news_90cdcf6bfbd96e8a": 1783501511.2364318,
  "agent_news_788f3e5e70dd8da3": 1783501511.2369416,
  "agent_news_aa9ad8d822534a41": 1783501511.2375114,
  "agent_news_538e158b74e213dc": 1783501633.5613925,
  "agent_news_79763de8ca0d8660": 1783501633.562077,
  "agent_news_10b351d6abc57ef9": 1783501633.5626166,
  "agent_news_4fc7d9431f01c26a": 1783501633.563187,
  "agent_news_4ae741417d7e653f": 1783501633.563703
}